<?xml version="1.0"?>
<doc>
    <assembly>
        <name>Skybrud.SyntaxHighlighter.Markdig</name>
    </assembly>
    <members>
        <member name="T:Skybrud.SyntaxHighlighter.Markdig.MarkdigExtensions">
            <summary>
            Class with extension methods for the Markdown package.
            </summary>
        </member>
        <member name="M:Skybrud.SyntaxHighlighter.Markdig.MarkdigExtensions.UseSyntaxHighlighter(Markdig.MarkdownPipelineBuilder)">
            <summary>
            Adds a new <see cref="T:Skybrud.SyntaxHighlighter.Markdig.SyntaxHighlighterMarkdownExtension"/> to the specified Markdig <paramref name="pipeline"/>.
            </summary>
            <param name="pipeline">The pipeline.</param>
            <returns>The pipeline.</returns>
        </member>
        <member name="T:Skybrud.SyntaxHighlighter.Markdig.SyntaxHighlighterCodeBlockRenderer">
            <summary>
            Our custom code block renderer.
            </summary>
        </member>
        <member name="P:Skybrud.SyntaxHighlighter.Markdig.SyntaxHighlighterCodeBlockRenderer.Fallback">
            <summary>
            Gets the fallback code block renderer.
            </summary>
        </member>
        <member name="M:Skybrud.SyntaxHighlighter.Markdig.SyntaxHighlighterCodeBlockRenderer.#ctor">
            <summary>
            Initializes a new code block renderer with default options.
            </summary>
        </member>
        <member name="M:Skybrud.SyntaxHighlighter.Markdig.SyntaxHighlighterCodeBlockRenderer.#ctor(Markdig.Renderers.Html.CodeBlockRenderer)">
            <summary>
            Initializes a new code block renderer with specified <paramref name="fallback"/>.
            </summary>
            <param name="fallback">A fallback code block renderer.</param>
        </member>
        <member name="M:Skybrud.SyntaxHighlighter.Markdig.SyntaxHighlighterCodeBlockRenderer.Write(Markdig.Renderers.HtmlRenderer,Markdig.Syntax.CodeBlock)">
            <summary>
            Writes the specified <paramref name="block"/> to the <paramref name="renderer"/>.
            </summary>
            <param name="renderer">The renderer.</param>
            <param name="block">The object to render.</param>
        </member>
        <member name="T:Skybrud.SyntaxHighlighter.Markdig.SyntaxHighlighterMarkdownExtension">
            <summary>
            Syntax highlighter extension for Markdig.
            </summary>
        </member>
        <member name="M:Skybrud.SyntaxHighlighter.Markdig.SyntaxHighlighterMarkdownExtension.Setup(Markdig.MarkdownPipelineBuilder)">
            <summary>
            Setups this extension for the specified pipeline.
            </summary>
            <param name="pipeline">The pipeline.</param>
        </member>
        <member name="M:Skybrud.SyntaxHighlighter.Markdig.SyntaxHighlighterMarkdownExtension.Setup(Markdig.MarkdownPipeline,Markdig.Renderers.IMarkdownRenderer)">
            <summary>
            Setups this extension for the specified renderer.
            </summary>
            <param name="pipeline">The pipeline used to parse the document.</param>
            <param name="renderer">The renderer.</param>
        </member>
    </members>
</doc>
